<?xml version="1.0" encoding="UTF-8"?>

<!--  
<configuration>

  <appender name="STDOUT" class="ch.qos.logback.core.ConsoleAppender">
    <encoder>
      <pattern>%d{dd-MM-yyyy HH:mm:ss.SSS} %-4relative [%thread] %-5level %logger{35} - %msg %n</pattern>
    </encoder>
  </appender>

  <root level="INFO">
    <appender-ref ref="STDOUT" />
  </root>
</configuration>
-->
<configuration>
    <include resource="org/springframework/boot/logging/logback/defaults.xml" />
    <property name="LOG_FILE" value="${LOG_FILE:-${LOG_PATH:-${LOG_TEMP:-${java.io.tmpdir:-/tmp}}/}spring.log}"/>
    <include resource="org/springframework/boot/logging/logback/file-appender.xml" />
    <root level="INFO">
        <appender-ref ref="FILE" />
    </root>
</configuration>